from,to,weight
JFK,LAX,1145
LAX,JFK,1145
SFO,LAX,1135
LAX,SFO,1116
LGA,ORD,908
ORD,LGA,898
LAS,LAX,882
LAX,LAS,856
LGA,ATL,815
ATL,LGA,814
SFO,JFK,806
JFK,SFO,805
MCO,ATL,785
ATL,MCO,783
LAX,ORD,759
LAX,SEA,752
SEA,LAX,750
ORD,LAX,749
SFO,LAS,740
LGA,BOS,736
BOS,LGA,735
BOS,DCA,725
DCA,BOS,724
DFW,ORD,724
SFO,ORD,722
ORD,DFW,709
LAS,SFO,707
ATL,FLL,701
FLL,ATL,701
ORD,SFO,698
DEN,PHX,688
SJC,LAX,683
LAX,SJC,681
PHX,DEN,680
SFO,SEA,674
SAN,SFO,671
ATL,TPA,668
TPA,ATL,665
SEA,SFO,664
SFO,SAN,663
BOS,ORD,658
ORD,BOS,653
ATL,DFW,649
DFW,ATL,649
DCA,ORD,648
ORD,DCA,643
ATL,PHL,634
LAS,DEN,634
PHL,ATL,634
ORD,MSP,633
DEN,LAS,627
PHX,LAX,627
LAX,PHX,621
DCA,ATL,619
ATL,DCA,615
MSP,ORD,610
LAX,SMF,608
SMF,LAX,608
ATL,CLT,595
CLT,ATL,595
ATL,ORD,594
ORD,ATL,591
LAX,DFW,584
LAX,OAK,584
OAK,LAX,582
DFW,LAX,576
LGA,MIA,574
MIA,LGA,574
HOU,DAL,566
DEN,DFW,565
SLC,DEN,565
ATL,LAX,563
LAX,ATL,563
DAL,HOU,561
LAX,DEN,561
DFW,DEN,560
MSY,ATL,557
DEN,LAX,552
ATL,MSY,551
BWI,ATL,539
DEN,SLC,539
ATL,BWI,537
ORD,DEN,533
DEN,MSP,527
SEA,PHX,526
PHX,SEA,524
MSP,DEN,523
PHX,SLC,508
LAS,PHX,507
LAX,SLC,507
SLC,LAX,507
SLC,PHX,507
ATL,JAX,505
DEN,SFO,503
PHX,LAS,501
JAX,ATL,500
DEN,ORD,498
JFK,MCO,492
MCO,JFK,491
DEN,ATL,490
ATL,MIA,489
MIA,ATL,489
ATL,DEN,486
FLL,LGA,484
LGA,FLL,484
PHL,BOS,484
BOS,PHL,483
MKE,ORD,481
ORD,MKE,481
DEN,SEA,477
BOS,JFK,473
JFK,BOS,473
EWR,SFO,472
SFO,DEN,471
ATL,EWR,470
PHL,ORD,470
PHX,SAN,469
SAN,PHX,467
ORD,PHL,466
EWR,ATL,465
SEA,DEN,463
MCO,PHL,461
PHL,MCO,459
EWR,BOS,458
MSP,ATL,458
SFO,EWR,458
ATL,MSP,457
LAS,ORD,457
ORD,LAS,457
IAH,LAX,456
BOS,EWR,455
SFO,PHX,451
PHX,SFO,450
AUS,DFW,449
BOS,BWI,449
DFW,AUS,449
ATL,DTW,448
SEA,LAS,448
DFW,SAT,446
DTW,ATL,446
LAS,SEA,446
SAT,DFW,446
LAX,EWR,443
LAX,IAH,443
BWI,BOS,441
CLT,ORD,441
MCO,EWR,441
ORD,CLT,441
DEN,IAH,440
EWR,MCO,440
LGA,DTW,439
DTW,LGA,438
EWR,LAX,437
ATL,BOS,436
BOS,ATL,435
SAN,LAX,435
LAX,SAN,433
CVG,ORD,432
RDU,ATL,430
ATL,RDU,429
ORD,CVG,429
DFW,LGA,426
LGA,DFW,426
SFO,DFW,418
AUS,DAL,417
EWR,CLT,416
SFO,SNA,416
DAL,AUS,414
SNA,SFO,414
DFW,SFO,413
IAH,ORD,413
ATL,MDW,412
CLT,EWR,412
ORD,DTW,412
DTW,ORD,411
MDW,ATL,411
CLE,ORD,406
SAN,DEN,406
ORD,MIA,405
ORD,SEA,405
SEA,ORD,405
DCA,LGA,404
DFW,LAS,404
LAS,DFW,404
MIA,ORD,404
LGA,DCA,403
MCO,ORD,403
SJC,SEA,403
DFW,IAH,402
ORD,IAH,402
ORD,MCO,402
SEA,SJC,402
ATL,RSW,401
LAX,BOS,401
RSW,ATL,401
BOS,LAX,400
SFO,PDX,400
ATL,PBI,398
PBI,ATL,398
PHX,ORD,398
ORD,PHX,396
PDX,SFO,395
IAH,DEN,389
ATL,LAS,386
LAS,ATL,386
SFO,BOS,386
LAS,SAN,385
SAN,LAS,384
DEN,SAN,382
BOS,SFO,381
ORD,CLE,380
HOU,ATL,377
ATL,HOU,376
IAH,ATL,375
CLT,IAH,374
DFW,PHX,372
PHX,DFW,372
IAH,CLT,370
IAH,DFW,370
SEA,SMF,369
SMF,SEA,365
FLL,BWI,364
JFK,FLL,364
FLL,JFK,363
MCO,LGA,363
BWI,FLL,362
CLT,DFW,362
DFW,CLT,362
LGA,MCO,362
JFK,LAS,361
LAS,JFK,361
IAD,SFO,356
ATL,IND,355
MSP,PHX,355
PHX,MSP,355
IAD,LAX,354
IND,ATL,354
SFO,IAD,353
ATL,IAH,351
LAS,SLC,350
PHX,SNA,350
LAX,IAD,349
SNA,PHX,348
DFW,MIA,346
MIA,DFW,346
SLC,LAS,345
PHX,ATL,343
ATL,PHX,342
BOS,CLT,341
BUR,OAK,341
CLT,BOS,341
OAK,BUR,341
BOS,DTW,338
DTW,BOS,338
SAN,OAK,338
DFW,MCO,337
MCO,DFW,337
ORD,BNA,336
LGA,CLT,333
ORD,EWR,332
JFK,MIA,331
MIA,JFK,331
OAK,SAN,330
CLT,LGA,328
OAK,LAS,327
ATL,STL,326
STL,ATL,326
MCI,ATL,325
DEN,LGA,323
ATL,MCI,322
ATL,RIC,322
EWR,ORD,322
RIC,ATL,322
DFW,PHL,321
PHL,DFW,321
LAS,OAK,319
LGA,DEN,318
SFO,IAH,318
IAH,SFO,317
BNA,ORD,315
CLT,PHL,314
IND,ORD,311
DFW,SEA,310
SEA,DFW,310
MCO,BWI,309
PHX,IAH,308
BWI,MCO,307
CLT,BWI,307
DFW,SAN,307
EWR,IAH,307
BWI,CLT,306
IAD,DEN,306
SAN,DFW,306
ATL,SAV,305
IAH,PHX,305
LAS,RNO,305
SAV,ATL,305
SLC,SEA,305
DCA,MCO,304
MCO,DCA,304
SAN,SEA,304
SEA,SAN,304
SEA,SLC,304
DEN,IAD,303
AUS,ATL,302
RNO,LAS,302
ATL,AUS,301
ATL,SFO,299
PHX,SMF,298
SFO,ATL,298
MSP,LAX,297
PHX,ONT,297
SMF,PHX,297
ATL,BNA,296
ATL,CHS,296
BNA,ATL,296
BUR,LAS,296
CHS,ATL,296
LAX,MSP,296
ATL,CMH,295
ATL,MKE,295
CMH,ATL,295
DFW,SLC,295
IAH,EWR,295
SLC,DFW,295
DEN,SNA,294
DFW,BOS,294
LAS,BUR,294
ONT,PHX,294
PDX,PHX,294
PHX,PDX,294
BOS,DFW,293
DEN,PDX,293
MKE,ATL,292
PHX,SJC,292
DCA,DFW,291
DFW,DCA,291
SJC,PHX,291
SNA,DEN,291
ATL,BHM,290
ATL,PIT,290
BHM,ATL,290
PDX,DEN,290
ORD,DSM,289
PIT,ATL,289
SEA,OAK,289
OAK,SEA,288
PHL,CLT,288
MSN,ORD,287
ORD,MSN,287
SJC,SAN,287
DEN,AUS,286
DTW,LAS,285
LAS,DTW,285
SAN,SJC,285
GEG,SEA,284
SEA,GEG,284
CLE,LGA,283
HOU,MSY,283
LGA,CLE,283
ATL,MEM,282
MEM,ATL,282
STL,ORD,281
CLT,MCO,280
CLT,MIA,280
MCO,CLT,280
ATL,CLE,279
CLE,ATL,279
DTW,MDW,279
EWR,FLL,279
MCO,MIA,279
MIA,CLT,279
MIA,MCO,279
MSY,HOU,279
SAN,SMF,279
SMF,SAN,279
FLL,EWR,278
LAX,MIA,278
MDW,DTW,278
MIA,LAX,278
ORD,GRR,278
SAT,DAL,278
CLT,PHX,277
LAX,TUS,277
TUS,LAX,277
TPA,CLT,275
CLT,DTW,274
DCA,MDW,274
DCA,MIA,274
DTW,CLT,274
MDW,DCA,274
MIA,DCA,274
PHX,CLT,274
MIA,IAH,273
OAK,PHX,273
DAL,SAT,272
IAH,MIA,272
BNA,DFW,271
DFW,BNA,271
CLT,TPA,270
BNA,LGA,269
DEN,MCO,269
ORD,STL,269
PHX,DTW,268
PHX,OAK,268
SAN,ORD,268
SFO,SLC,268
GRR,ORD,266
IAH,LAS,265
JFK,BUF,265
MCO,DEN,265
ORD,SAN,265
BUF,JFK,264
MDW,LAS,264
DTW,MSP,263
DTW,PHX,263
LAS,MDW,263
ATL,SDF,262
AUS,DEN,262
LAS,IAH,262
MSP,DTW,262
SDF,ATL,262
ATL,SAT,261
DFW,DTW,260
DFW,SNA,260
IAH,SAT,260
MDW,DEN,260
ORD,IND,260
SNA,DFW,260
ABQ,PHX,259
ATL,CHA,259
DAL,LAX,259
DEN,MDW,259
LAX,DAL,259
CHA,ATL,258
EWR,MIA,258
CMH,ORD,257
MIA,EWR,257
SAT,ATL,257
ATL,ORF,256
DEN,DTW,256
DTW,DFW,256
ORF,ATL,256
SJC,LAS,256
CID,ORD,255
IAH,MFE,255
LAS,SJC,255
MFE,IAH,255
ORD,CID,255
PHX,ABQ,255
ATL,CAE,254
CAE,ATL,254
DTW,DEN,254
ATL,GSO,253
EWR,DFW,253
GSO,ATL,253
MIA,PHL,253
ORD,CMH,253
PHL,MIA,253
GRB,ORD,251
ORD,GRB,251
ORD,MEM,251
SNA,SJC,251
DAL,ATL,250
ATL,DAL,249
LGA,BNA,249
SJC,SNA,249
AUS,LAX,248
BOS,MCO,248
FLL,DFW,248
LAX,AUS,248
MCO,BOS,248
MCO,IAH,248
DCA,TPA,247
DFW,FLL,247
IAH,MCO,247
LAS,PDX,247
TPA,DCA,247
MSP,DFW,246
DFW,TUL,245
TUL,DFW,245
MSP,PHL,244
SLC,SFO,244
CLT,JFK,243
DFW,MCI,243
JFK,CLT,243
MCI,DFW,243
DFW,GRK,242
DFW,MSP,242
GRK,DFW,242
MSP,MDW,242
MSP,SEA,242
PDX,LAS,242
SEA,MSP,242
ATL,CVG,241
CVG,ATL,241
LGA,PBI,241
ORD,DAY,241
PBI,LGA,241
TPA,JFK,241
DTW,FLL,240
FLL,DTW,240
JFK,TPA,240
ORD,XNA,240
PHL,MSP,240
SAT,IAH,240
XNA,ORD,240
MEM,ORD,239
MSY,DFW,239
PHL,TPA,239
DFW,MSY,238
DFW,SGF,238
LAS,MSP,238
MDW,PHX,238
MSP,LAS,238
DAL,DCA,237
DCA,DAL,237
MDW,MSP,237
SGF,DFW,237
DAY,ORD,236
PVD,BWI,236
ATL,BTR,235
BTR,ATL,235
BWI,PVD,235
CLT,PIT,235
CRP,DFW,235
DFW,CRP,235
FWA,ORD,235
DFW,STL,234
DSM,ORD,234
IAH,MSY,234
ORD,FWA,234
ORD,SLC,234
PHX,MDW,234
SMF,LAS,234
STL,DFW,234
TPA,PHL,234
SLC,ORD,233
ATL,SEA,232
SEA,ATL,232
BWI,BDL,231
LGA,RDU,231
ATL,GSP,230
DTW,BWI,230
EWR,DEN,230
GSP,ATL,230
PDX,ORD,230
PIT,CLT,230
SNA,LAS,230
BDL,BWI,229
BWI,MHT,229
LAS,SMF,229
SEA,SNA,229
SNA,SEA,229
ATL,IAD,228
BWI,DTW,228
FLL,ORD,228
IAD,ATL,228
LFT,IAH,228
MHT,BWI,228
ATL,SLC,227
IAH,LFT,227
JFK,PHX,227
LAS,SNA,227
ORD,FLL,227
PHX,JFK,227
SLC,ATL,227
SNA,OAK,227
DEN,SMF,226
DFW,TPA,226
MCO,MDW,226
MDW,MCO,226
SMF,DEN,226
AGS,ATL,225
ATL,AGS,225
BTR,IAH,225
IAH,BTR,225
MSY,IAH,225
ORD,PDX,225
ORD,PIA,225
PIA,ORD,225
TPA,DFW,225
BOS,RIC,224
DEN,BOS,224
DEN,EWR,224
DFW,EWR,224
LGA,DAL,224
OAK,SNA,224
ORD,OMA,224
PHX,PHL,224
RIC,BOS,224
DAL,LGA,223
FLL,CLT,223
ORD,TYS,223
BOS,CLE,222
CLT,FLL,222
MDW,MCI,222
CRP,IAH,221
DTW,MCO,221
IAH,CRP,221
IAH,LGA,221
MCI,MDW,221
MCO,DTW,221
OMA,ORD,221
PHL,PHX,221
PSP,SFO,221
TYS,ORD,221
BOS,DEN,220
DAL,MSY,220
MSY,DAL,220
STL,PHX,220
DCA,CLT,219
PHX,SAT,219
ATL,HSV,218
HSV,ATL,218
IAH,PHL,218
PHX,STL,218
SAT,PHX,218
CLE,BOS,217
DCA,FLL,217
FLL,DCA,217
MIA,BOS,217
ONT,SFO,217
SFO,ONT,217
BOS,MIA,216
DEN,SJC,216
IAH,MSP,216
JFK,RDU,216
LGA,IAH,216
MCO,LAX,216
RDU,JFK,216
SFO,PSP,216
TPA,BWI,216
EWR,DTW,215
LAS,PHL,215
LAX,MCO,215
MCI,MSP,215
MCO,PVD,215
PHL,LAS,215
ATL,PNS,214
CLT,DCA,214
DFW,TUS,214
MSP,MCI,214
PNS,ATL,214
PVD,MCO,214
TUS,DFW,214
ATL,VPS,213
DFW,JAN,213
DFW,SHV,213
JAN,DFW,213
ORD,BWI,213
PHL,IAH,213
SHV,DFW,213
VPS,ATL,213
BWI,TPA,212
EWR,TPA,212
MSP,MKE,212
IAH,DCA,211
LGA,MDW,211
MKE,MSP,211
SAN,SLC,211
SJC,DEN,211
SLC,SAN,211
TPA,EWR,211
BOS,IAD,210
COS,DEN,210
IAD,BOS,210
SGF,ORD,210
ATL,CAK,209
ATL,MOB,209
BTR,DFW,209
BWI,ORD,209
DFW,BTR,209
MOB,ATL,209
OKC,DFW,209
ORD,SGF,209
SEA,IAH,209
CAK,ATL,208
DCA,IAH,208
DFW,OKC,208
ABI,DFW,207
DFW,ABI,207
DFW,CVG,207
IAH,SEA,207
MCI,ORD,207
PHL,SFO,207
RDU,LGA,207
TPA,ORD,207
ATL,LEX,206
CVG,DFW,206
DEN,COS,206
LEX,ATL,206
MDW,LGA,206
ORD,TPA,206
MCI,DEN,205
PDX,SLC,205
SLC,PDX,205
AUS,ORD,204
DEN,MCI,204
LAX,PDX,204
MSP,EWR,204
MSP,SFO,204
ORD,IAD,204
ORD,MCI,204
PDX,LAX,204
SFO,MSP,204
TUL,ORD,204
IAH,AUS,203
LEX,ORD,203
ORD,ICT,203
ORD,LEX,203
ATL,TLH,202
BNA,DTW,202
PBI,EWR,202
PHX,EWR,202
SFO,PHL,202
TLH,ATL,202
ATL,BDL,201
ATL,JAN,201
ATL,MGM,201
AUS,IAH,201
BDL,ATL,201
EWR,PHX,201
JAN,ATL,201
MGM,ATL,201
ORD,SNA,201
SNA,ORD,201
BNA,MDW,200
DEN,BNA,200
EWR,PBI,200
LGA,MSP,200
MDW,BNA,200
MDW,HOU,200
MSP,LGA,200
OAK,ONT,200
STL,MSP,200
AUS,SFO,199
DAL,MCI,199
ORD,PIT,199
MDW,PHL,198
PHL,MDW,198
ATL,GNV,197
CLT,MSP,197
GNV,ATL,197
HOU,MDW,197
IAH,LIT,197
MSP,CLT,197
BWI,RDU,196
DTW,BNA,196
LIT,IAH,196
MSP,IAH,196
OAK,SLC,196
ONT,OAK,196
MCI,DAL,195
MSP,STL,195
RDU,BWI,195
SFO,AUS,195
SLC,OAK,195
SMF,SNA,195
STL,DAL,195
ATL,TRI,194
BUF,ORD,194
IAH,JAN,194
JAN,IAH,194
LAS,EWR,194
MDW,STL,194
TRI,ATL,194
SJC,BUR,193
SNA,SMF,193
DAL,STL,192
EWR,LAS,192
FAR,ORD,192
LAX,RNO,192
ORD,FAR,192
PHL,DTW,192
BUR,SMF,191
DTW,EWR,191
IAH,MCI,191
LAX,FAT,191
ORD,BUF,191
RNO,LAX,191
SMF,ONT,190
STL,MDW,190
SMF,BUR,189
BUR,SJC,188
DTW,PHL,188
ONT,SMF,188
ABQ,DFW,187
CLT,LAX,187
DFW,ABQ,187
JFK,SEA,187
LAX,CLT,187
MCI,IAH,187
SEA,JFK,187
ATL,JFK,186
BOS,FLL,186
CLT,JAX,186
FLL,BOS,186
FLL,IAH,186
JAX,CLT,186
JFK,ATL,186
JFK,PBI,186
MIA,TPA,186
PBI,JFK,186
TPA,MIA,186
ATL,ECP,184
ATL,HPN,184
ECP,ATL,184
GRR,DTW,184
HPN,ATL,184
IAH,FLL,184
IAH,SAN,184
LGA,STL,184
ORD,RDU,184
SAT,DEN,184
STL,LGA,184
ATL,SAN,183
ATL,SRQ,183
DEN,PHL,183
SAN,ATL,183
SLC,MSP,183
SRQ,ATL,183
TUS,DEN,183
ATL,OKC,182
CLT,DEN,182
MSP,SLC,182
OKC,ATL,182
ORD,AUS,182
ORD,TUL,182
BWI,DFW,181
CLT,SFO,181
DEN,CLT,181
DFW,BWI,181
DTW,IAH,181
LIT,ORD,181
ORD,LIT,181
PHL,DEN,181
PIT,ORD,181
SFO,EUG,181
SLC,IAH,181
DEN,BOI,180
DEN,MKE,180
DFW,PDX,180
DTW,LAX,180
IAH,TPA,180
LAX,DTW,180
MCI,PHX,180
MKE,DEN,180
MSY,LAX,180
PDX,DFW,180
PHX,MCI,180
SBA,SFO,180
SFO,CLT,180
SFO,SBA,180
TPA,IAH,180
ALB,BWI,179
ATL,LIT,179
EUG,SFO,179
LAX,MSY,179
LIT,ATL,179
ATL,SHV,178
BNA,DEN,178
CMH,MDW,178
DEN,SAT,178
IAD,ORD,178
LAX,ABQ,178
SHV,ATL,178
BNA,BWI,177
BWI,ALB,177
IAH,SLC,177
ICT,ORD,177
PDX,SEA,177
PHX,YUM,177
RDU,ORD,177
SEA,PDX,177
YUM,PHX,177
ABQ,LAX,176
BUF,BWI,176
BWI,BNA,176
DAL,MDW,176
DEN,TUS,176
JFK,ORD,176
LAX,PHL,176
LGA,TPA,176
LGB,SLC,176
ORD,JFK,176
SLC,LGB,176
TPA,LGA,176
BWI,BUF,175
CLE,MDW,175
DFW,XNA,175
FNT,ORD,175
LAX,MDW,175
MDW,CLE,175
MDW,DAL,175
ORD,FNT,175
PHL,LAX,175
XNA,DFW,175
BOI,DEN,174
LAS,BWI,174
MDW,LAX,174
BWI,LAS,173
DEN,OMA,173
DTW,DCA,173
IAH,MAF,173
MAF,IAH,173
MDW,CMH,173
ORD,FSD,173
ORD,OKC,173
PIT,MDW,173
SJC,SLC,173
SLC,SJC,173
CLT,RDU,172
DCA,DTW,172
ORD,TVC,172
RDU,CLT,172
TVC,ORD,172
JFK,SLC,171
MDW,BWI,171
MDW,OMA,171
SLC,JFK,171
BUR,PHX,170
FLL,TPA,170
MDW,PIT,170
OMA,DEN,170
BOS,MSP,169
BWI,MDW,169
MSP,BOS,169
OKC,ORD,169
OMA,MDW,169
DEN,IND,168
FSD,ORD,168
PDX,OAK,168
PHX,BUR,168
TPA,FLL,168
BOS,IAH,167
EWR,MDW,167
IND,DEN,167
BWI,DEN,166
DCA,MSP,166
DTW,TPA,166
IAH,TUL,166
MDW,EWR,166
TPA,DTW,166
ATL,FAY,165
DEN,BWI,165
DTW,MKE,165
FAY,ATL,165
MKE,DTW,165
MSP,DCA,165
CVG,EWR,164
EWR,CVG,164
TUL,IAH,164
BHM,IAH,163
ELP,IAH,163
IAH,BHM,163
IAH,BOS,163
IAH,ELP,163
OAK,PDX,163
CLT,RSW,162
DEN,STL,162
HPN,ORD,162
ORD,HPN,162
RSW,CLT,162
JFK,SAN,161
SAN,JFK,161
FAT,LAX,160
PHX,PSP,160
PSP,PHX,160
RNO,PHX,160
STL,EWR,160
CMH,LGA,159
LGA,CMH,159
BDL,MCO,158
DTW,GRR,158
MCO,BDL,158
MSY,DEN,158
PHX,RNO,158
BWI,PHX,155
DFW,SJT,155
DFW,VPS,155
IAD,MCO,155
LAX,MRY,155
MRY,LAX,155
PDX,SAN,155
SAN,PDX,155
SJT,DFW,155
VPS,DFW,155
BUF,MCO,154
CLE,LAS,154
CLT,MSY,154
DFW,MFE,154
LAS,CLE,154
MCO,IAD,154
MFE,DFW,154
PHX,BWI,154
RNO,SFO,154
SFO,RNO,154
ATL,OMA,153
BDL,CLT,153
CLT,BDL,153
EWR,MSP,153
FLG,PHX,153
OMA,ATL,153
PHX,FLG,153
ATL,DAB,152
ATL,TYS,152
DAB,ATL,152
FAR,MSP,152
LAX,STL,152
MCO,BUF,152
MSP,FAR,152
STL,LAX,152
TYS,ATL,152
ATL,BUF,151
BNA,MCO,151
BUF,ATL,151
CLE,EWR,151
DEN,MSY,151
DFW,RDU,151
DTW,SEA,151
HOU,DEN,151
MCO,BNA,151
RDU,DFW,151
SEA,DTW,151
BOS,BUF,150
BOS,RDU,150
BUF,BOS,150
CLT,PBI,150
DFW,HOU,150
DFW,IND,150
DFW,LFT,150
DFW,TYR,150
EWR,BNA,150
EWR,STL,150
HOU,DFW,150
IND,DFW,150
LAS,STL,150
LAX,SBA,150
LFT,DFW,150
PBI,CLT,150
RDU,BOS,150
RIC,ORD,150
SBA,LAX,150
STL,LAS,150
TYR,DFW,150
ACT,DFW,149
CLL,DFW,149
DAL,DEN,149
DEN,HOU,149
DFW,ACT,149
DFW,CLL,149
DFW,PIT,149
ISP,BWI,149
LAS,MCI,149
MCI,LAS,149
MSY,CLT,149
ORD,RIC,149
PIT,DFW,149
ATL,GPT,148
AUS,JFK,148
BNA,LAX,148
BWI,ISP,148
CMI,ORD,148
GPT,ATL,148
IAH,DTW,148
IAH,MEM,148
IAH,SHV,148
JFK,AUS,148
LAS,HOU,148
LAX,BNA,148
MKE,PHX,148
ORD,CMI,148
ROC,ORD,148
SHV,IAH,148
SLC,SMF,148
SMF,SLC,148
STL,DEN,148
ATL,MYR,147
ATL,ROA,147
CLE,DFW,147
CMH,DFW,147
DFW,CLE,147
DFW,CMH,147
DFW,TYS,147
FLL,LAX,147
IAD,IAH,147
LAX,FLL,147
MYR,ATL,147
ROA,ATL,147
CLT,LAS,146
LAS,CLT,146
MDW,TPA,146
MSY,ORD,146
PHX,MKE,146
SAT,LAX,146
TYS,DFW,146
ATL,AVL,145
AVL,ATL,145
DEN,DAL,145
ELP,PHX,145
HOU,LAS,145
HOU,LAX,145
LAX,HOU,145
ORD,ROC,145
SAN,IAH,145
SEA,EWR,145
BNA,IAH,144
DEN,OKC,144
EWR,CHS,144
HOU,HRL,144
HRL,HOU,144
IAH,MOB,144
MDT,ORD,144
MOB,IAH,144
MSP,GRR,144
ORD,MDT,144
PHX,ELP,144
STL,MCO,144
TPA,MDW,144
ATL,XNA,143
CHS,EWR,143
IAD,DFW,143
MCO,STL,143
MEM,IAH,143
MSP,RAP,143
SDF,ORD,143
SJC,PDX,143
SLC,SNA,143
SNA,SLC,143
XNA,ATL,143
ATL,TUL,142
BUR,SFO,142
DFW,OMA,142
IAH,SNA,142
OMA,DFW,142
PDX,SJC,142
PHX,AUS,142
RAP,MSP,142
SAT,ORD,142
TUL,ATL,142
EWR,CLE,141
IAH,PNS,141
LAX,SAT,141
ONT,SJC,141
PNS,IAH,141
DAL,ABQ,140
DFW,IAD,140
EWR,SEA,140
ORD,MSY,140
PHX,HOU,140
AUS,PHX,139
BNA,EWR,139
BWI,CMH,139
CMH,BWI,139
DTW,ELM,139
DTW,MCI,139
ELM,DTW,139
HOU,PHX,139
ORD,SAT,139
PDX,SMF,139
ABQ,DAL,138
ATW,ORD,138
DAL,MAF,138
MAF,DAL,138
MCI,DTW,138
OKC,DEN,138
ORD,ATW,138
SFO,BUR,138
SLC,BOI,138
BOI,SLC,137
DAL,LBB,137
IAH,OMA,137
LBB,DAL,137
SMF,PDX,137
SNA,IAH,137
DEN,ABQ,136
IAH,BRO,136
SJC,ONT,136
TPA,DEN,136
BRO,IAH,135
DTW,BDL,135
DTW,MSN,135
ORD,LNK,135
ORD,SYR,135
BDL,DTW,134
FLL,PHL,134
LNK,ORD,134
OMA,IAH,134
PHL,FLL,134
ATL,ILM,133
FSD,DEN,133
ILM,ATL,133
MEM,DFW,133
SEA,BOS,133
BIS,MSP,132
BOS,SEA,132
DFW,MEM,132
DTW,SBN,132
IAH,IND,132
MSP,BIS,132
SBN,DTW,132
SYR,ORD,132
DEN,TPA,131
BOS,PHX,130
IND,PHX,130
MCO,PHX,130
ORD,BDL,130
PHX,BOS,130
PHX,MCO,130
ABQ,DEN,129
ATL,EYW,129
CHS,JFK,129
CLE,MCO,129
EYW,ATL,129
IND,MSP,129
JFK,CHS,129
MCO,CLE,129
PHX,IND,129
BOI,SFO,128
DEN,FSD,128
EWR,MSY,128
MCO,PIT,128
PIT,MCO,128
SFO,BOI,128
DCA,CLE,127
PIT,IAH,127
CLE,DCA,126
CLT,RIC,126
DEN,GEG,126
EWR,RSW,126
LAS,IAD,126
MSN,DTW,126
MSP,IND,126
RIC,CLT,126
ATL,GRR,125
BIS,DEN,125
DEN,BIS,125
DFW,ELP,125
DFW,ONT,125
DFW,SMF,125
DTW,SLC,125
ELP,DFW,125
GEG,DEN,125
GRR,ATL,125
LGA,GSO,125
ONT,DFW,125
RSW,EWR,125
SMF,DFW,125
BOS,LAS,124
DFW,JAX,124
DTW,MIA,124
GSO,LGA,124
HPN,MCO,124
IAD,LAS,124
JAX,DFW,124
JFK,PWM,124
LAS,AUS,124
LAS,BOS,124
LAS,DAL,124
LAS,ONT,124
MCO,HPN,124
MDW,BOS,124
MIA,DTW,124
MIA,LAS,124
MSY,EWR,124
ONT,LAS,124
PHX,OMA,124
PWM,JFK,124
SFO,SMF,124
SLC,DTW,124
SMF,SFO,124
AUS,LAS,123
BOS,MDW,123
DAL,LAS,123
DCA,EWR,123
DFW,FSM,123
DFW,LAW,123
DFW,SPS,123
EWR,CMH,123
EWR,DCA,123
FAT,SFO,123
FSM,DFW,123
IAH,IAD,123
IAH,TUS,123
LAS,MIA,123
LAW,DFW,123
MCO,MSP,123
MCO,SLC,123
MSP,MCO,123
PHX,SBA,123
SAT,HOU,123
SBA,PHX,123
SEA,IAD,123
SLC,MCO,123
SPS,DFW,123
TUS,IAH,123
DEN,CLE,122
DEN,TUL,122
GPT,IAH,122
HOU,SAT,122
IAH,GPT,122
IAH,PIT,122
IND,MCO,122
MCO,IND,122
MCO,ISP,122
MCO,MKE,122
MFR,SFO,122
MKE,MCO,122
SFO,MFR,122
DCA,DEN,121
DEN,DCA,121
ISP,MCO,121
MDW,RSW,121
MLI,ORD,121
ORD,CHS,121
ORD,SDF,121
RDU,DTW,121
BUF,DTW,120
CHS,ORD,120
COS,DFW,120
DFW,COS,120
DFW,LRD,120
DFW,SJC,120
LRD,DFW,120
OMA,PHX,120
ORD,MLI,120
ORD,SAV,120
SJC,DFW,120
BOS,PIT,119
BWI,STL,119
CID,DFW,119
CWA,ORD,119
DAL,PHX,119
DEN,RNO,119
DFW,CID,119
DFW,MAF,119
ICT,IAH,119
JFK,ROC,119
LAS,LGB,119
LGB,LAS,119
MBS,ORD,119
MDW,SAN,119
ORD,CWA,119
ORD,MBS,119
PIT,BOS,119
RNO,DEN,119
ROC,JFK,119
RSW,MDW,119
SAT,LAS,119
SGU,SLC,119
SLC,SGU,119
ATL,DAY,118
ATL,SGF,118
BNA,TPA,118
BOS,PBI,118
CRP,HOU,118
DAL,ELP,118
DAY,ATL,118
DCA,HOU,118
HOU,CRP,118
HOU,DCA,118
IAD,SAN,118
MAF,DFW,118
MCO,HOU,118
MCO,MSY,118
ORD,RST,118
PBI,BOS,118
PHX,DAL,118
RST,ORD,118
RSW,ORD,118
SAN,IAD,118
SAV,ORD,118
SGF,ATL,118
ATL,FWA,117
ATL,LFT,117
BOI,SEA,117
CAK,ORD,117
DTW,STL,117
FWA,ATL,117
GRR,MSP,117
HOU,MCO,117
LFT,ATL,117
MSY,MCO,117
OAK,DEN,117
ORD,CAK,117
TPA,BNA,117
ATL,CRW,116
ATL,DHN,116
AZO,ORD,116
BWI,RSW,116
CRW,ATL,116
DEN,ISN,116
DEN,PSP,116
DHN,ATL,116
EVV,ORD,116
LAS,SAT,116
MCI,BNA,116
OKC,HOU,116
ORD,AZO,116
ORD,EVV,116
ORD,RSW,116
SEA,BOI,116
ATL,MLB,115
DFW,GRR,115
DFW,MSN,115
EWR,ROC,115
GRR,DFW,115
ISN,DEN,115
LAS,ABQ,115
MLB,ATL,115
MSN,DFW,115
RSW,BWI,115
SAN,MDW,115
ABQ,LAS,114
BUF,CLT,114
BWI,JAX,114
CLT,BUF,114
ELP,DAL,114
GEG,SLC,114
HRL,IAH,114
IAD,SEA,114
IAH,HRL,114
JAX,BWI,114
PHX,TUS,114
SLC,GEG,114
STL,BWI,114
TUS,PHX,114
AUS,HOU,113
BNA,MCI,113
DAL,SFO,113
DEN,BUR,113
HOU,AUS,113
HOU,OKC,113
HOU,STL,113
IAH,ICT,113
MDW,SEA,113
PSP,DEN,113
SDF,BWI,113
SEA,MDW,113
SFO,DAL,113
STL,HOU,113
AEX,ATL,112
ATL,AEX,112
ATL,SBN,112
AUS,MCO,112
DEN,FAR,112
DEN,OAK,112
EWR,JAX,112
FAR,DEN,112
ONT,DEN,112
RDU,MDW,112
SBN,ATL,112
SDF,MDW,112
STL,MCI,112
BWI,IAH,111
BWI,SDF,111
DEN,MAF,111
DTW,SFO,111
FLL,SFO,111
MAF,DEN,111
MCO,AUS,111
MDW,SDF,111
MSN,MSP,111
MSP,CLE,111
ROC,EWR,111
SFO,DTW,111
SFO,FLL,111
BWI,MSP,110
CLT,MCI,110
MCI,CLT,110
MCI,STL,110
MDW,RDU,110
MSP,BWI,110
ATL,CSG,109
BHM,ORD,109
BWI,CLE,109
CSG,ATL,109
DEN,BIL,109
DEN,CVG,109
DEN,MOT,109
EWR,MCI,109
HOU,BNA,109
ICT,DEN,109
LSE,ORD,109
MSP,PDX,109
ORD,BHM,109
ORD,LSE,109
PDX,MSP,109
BIL,DEN,108
BNA,HOU,108
BUR,DEN,108
CLE,BWI,108
CLE,CLT,108
CLT,CLE,108
DEN,ONT,108
MCI,EWR,108
MOT,DEN,108
AMA,DAL,107
BNA,CLT,107
CLT,BNA,107
DAL,AMA,107
IAH,CLE,107
IAH,LCH,107
IDA,SLC,107
LCH,IAH,107
SLC,IDA,107
STL,DTW,107
HOU,MAF,106
ATL,OAJ,105
CLE,IAH,105
IAH,CMH,105
JAX,EWR,105
MAF,HOU,105
OAJ,ATL,105
SDF,EWR,105
CVG,DEN,104
CVG,IAH,104
DSM,DEN,104
IAH,BWI,104
IAH,XNA,104
XNA,IAH,104
BDL,ORD,103
TUL,DEN,103
ATL,MLU,102
CID,MSP,102
CMH,IAH,102
IAH,SDF,102
IND,IAH,102
MKE,EWR,102
MLU,ATL,102
MSP,CID,102
MSP,MSN,102
CMH,EWR,101
EWR,MEM,101
IAH,LBB,101
LBB,IAH,101
DTW,FWA,100
FWA,DTW,100
MEM,EWR,100
DTW,RSW,99
IAH,CVG,99
PHX,TPA,99
RSW,DTW,99
TPA,PHX,99
BDL,FLL,98
FLL,MDW,98
ISN,MSP,98
MCO,DAL,98
MDW,FLL,98
MSP,BNA,98
MSP,ISN,98
DAL,MCO,97
DTW,RDU,97
FLL,BDL,97
IAH,VPS,97
MSP,SAN,97
VPS,IAH,97
BOI,PHX,96
CLE,DEN,96
PHX,BOI,96
SAN,MSP,96
DTW,BUF,95
EWR,MKE,95
AEX,DFW,94
DFW,AEX,94
MSP,OMA,94
OAK,LGB,94
OMA,MSP,94
ATL,PHF,93
ATL,SNA,93
BDL,TPA,93
BFL,PHX,93
BNA,DCA,93
BNA,MSY,93
BOS,TPA,93
BTV,JFK,93
BUF,MDW,93
BWI,DAL,93
BWI,LAX,93
BWI,MIA,93
DCA,LAX,93
DCA,MKE,93
DCA,PHX,93
DCA,STL,93
DEN,ELP,93
DEN,FLL,93
DEN,MIA,93
DFW,MHK,93
DFW,MKE,93
DFW,RSW,93
DFW,SAV,93
DFW,TXK,93
DLH,ORD,93
DTW,MSY,93
ELP,DEN,93
FLL,LAS,93
GEG,PHX,93
GJT,PHX,93
HPN,PBI,93
IAD,TPA,93
IAH,BNA,93
JAX,JFK,93
JFK,BTV,93
JFK,JAX,93
JFK,MSY,93
JFK,SYR,93
LAS,FLL,93
LAS,MKE,93
LAX,CLE,93
LAX,DCA,93
LAX,SBP,93
LGB,OAK,93
LGB,SFO,93
MDW,BUF,93
MDW,MSY,93
MHK,DFW,93
MIA,BWI,93
MIA,DEN,93
MIA,RDU,93
MIA,SFO,93
MKE,DCA,93
MKE,DFW,93
MSY,BNA,93
MSY,DTW,93
MSY,JFK,93
MSY,MDW,93
ORD,DLH,93
ORD,SPI,93
PBI,HPN,93
PHF,ATL,93
PHX,BFL,93
PHX,CMH,93
PHX,DCA,93
PHX,GEG,93
PHX,GJT,93
PHX,PIT,93
PHX,SBP,93
PIT,TPA,93
PSP,SEA,93
RDU,MIA,93
RSW,DFW,93
SAV,DFW,93
SBP,LAX,93
SBP,PHX,93
SEA,PSP,93
SFO,FAT,93
SFO,LGB,93
SFO,MIA,93
SNA,ATL,93
SPI,ORD,93
STL,DCA,93
SYR,JFK,93
TPA,BOS,93
TPA,IAD,93
TXK,DFW,93
ATL,DSM,92
ATL,ICT,92
ATL,MDT,92
ATL,ROC,92
ATL,SYR,92
BWI,MSY,92
BWI,PBI,92
CAE,DFW,92
CMH,MCO,92
CMH,PHX,92
DAL,BWI,92
DEN,JAC,92
DFW,CAE,92
DSM,ATL,92
DTW,IAD,92
FLL,DEN,92
IAH,COS,92
ICT,ATL,92
IND,TPA,92
JAC,DEN,92
JFK,RSW,92
LAS,MCO,92
LAX,BWI,92
MCO,CMH,92
MCO,LAS,92
MDT,ATL,92
MKE,LAS,92
MSY,DCA,92
PBI,BWI,92
PIT,PHX,92
ROC,ATL,92
RSW,JFK,92
SYR,ATL,92
TPA,PIT,92
ABQ,IAH,91
ATL,FNT,91
BWI,CHS,91
BWI,ORF,91
CHS,BWI,91
DAL,LIT,91
DEN,ICT,91
FAT,SEA,91
FNT,ATL,91
IAD,DTW,91
ORF,BWI,91
RDU,MCO,91
SEA,FAT,91
TPA,BDL,91
TPA,IND,91
ATL,MSN,90
COS,ORD,90
DAY,DFW,90
DFW,DAY,90
DFW,SAF,90
FSD,MSP,90
LIT,DAL,90
MSN,ATL,90
MSP,FSD,90
OKC,IAH,90
ORD,COS,90
SAF,DFW,90
BPT,DFW,89
CLE,LAX,89
DCA,BNA,89
DFW,BPT,89
DFW,MGM,89
DFW,MLU,89
DFW,PBI,89
DFW,ROW,89
MCI,MCO,89
MCO,RDU,89
MGM,DFW,89
MLU,DFW,89
ONT,SLC,89
PBI,DFW,89
ROW,DFW,89
SLC,ONT,89
AEX,IAH,88
ATL,EVV,88
BDL,MSP,88
BMI,ORD,88
BNA,LAS,88
BOS,RSW,88
BOS,SAN,88
BRO,DFW,88
BWI,IND,88
CLE,MSP,88
COS,IAH,88
CVG,MCO,88
DAL,FLL,88
DEN,PIT,88
DFW,BRO,88
DFW,GPT,88
DFW,MOB,88
ELP,LAX,88
EVV,ATL,88
FAT,DEN,88
FLL,DAL,88
GPT,DFW,88
HOU,LGA,88
IAD,JFK,88
IAH,AEX,88
IND,LAS,88
JFK,IAD,88
LAS,TUS,88
LAX,ELP,88
MCO,CVG,88
MCO,SFO,88
MDW,OAK,88
MDW,PVD,88
MOB,DFW,88
MSP,BDL,88
MSP,SNA,88
MSY,FLL,88
OAK,MDW,88
ONT,SEA,88
ORD,BMI,88
RSW,BOS,88
SAN,BOS,88
SEA,ONT,88
SFO,MCO,88
SFO,STL,88
SLC,TWF,88
SNA,MSP,88
STL,SFO,88
TWF,SLC,88
ABQ,HOU,87
ABQ,SLC,87
ATL,BMI,87
ATL,CID,87
ATL,GTR,87
ATL,PDX,87
ATL,PVD,87
AUS,ELP,87
AUS,MDW,87
BDL,MDW,87
BMI,ATL,87
BNA,FLL,87
BNA,RDU,87
BUR,PDX,87
BUR,SEA,87
BWI,HOU,87
BWI,MCI,87
BWI,PWM,87
BWI,SEA,87
BWI,SLC,87
CID,ATL,87
CLE,BNA,87
CLT,PVD,87
DAL,BNA,87
DAL,OKC,87
DAL,TUL,87
DCA,MSY,87
DEN,FAT,87
DEN,IDA,87
DEN,SGF,87
DFW,LIT,87
FCA,SLC,87
FLL,MSY,87
GTR,ATL,87
HOU,BWI,87
IAH,MKE,87
IDA,DEN,87
JAX,BNA,87
JFK,PDX,87
LAS,BNA,87
LAS,OMA,87
LIT,DFW,87
MCI,BWI,87
MCO,MCI,87
MDW,MHT,87
MHT,MDW,87
MSY,BWI,87
MSY,TPA,87
OKC,DAL,87
ORD,TOL,87
PDX,ATL,87
PDX,BUR,87
PDX,JFK,87
PSC,SLC,87
PVD,ATL,87
PVD,CLT,87
PVD,MDW,87
PWM,BWI,87
RNO,SLC,87
SAN,TUS,87
SEA,BUR,87
SEA,BWI,87
SGF,DEN,87
SLC,ABQ,87
SLC,BWI,87
SLC,FCA,87
SLC,PSC,87
SLC,RNO,87
TOL,ORD,87
TUL,DAL,87
TUS,LAS,87
ABE,ATL,86
ATL,ABE,86
ATL,CHO,86
ATL,VLD,86
BIL,SLC,86
BNA,CLE,86
BWI,PIT,86
BWI,SAT,86
CHO,ATL,86
DEN,LNK,86
DTW,ORF,86
DTW,SAT,86
GSO,DFW,86
HOU,ABQ,86
IAH,MLU,86
LAN,ORD,86
LAS,IND,86
LAX,MCI,86
LGA,RIC,86
LNK,DEN,86
MDW,AUS,86
MDW,BDL,86
MLU,IAH,86
MSO,SLC,86
OMA,LAS,86
ORD,LAN,86
ORF,DTW,86
PHL,SAN,86
RIC,LGA,86
SAT,BWI,86
SLC,BIL,86
SLC,MSO,86
SLC,TUS,86
TPA,MSY,86
TUS,SLC,86
VLD,ATL,86
BZN,SLC,85
CHO,ORD,85
DFW,GSO,85
DTW,MDT,85
ELP,AUS,85
FLL,BNA,85
IAH,OKC,85
IND,BWI,85
MKE,LGA,85
ORD,CHO,85
PIT,MSP,85
SAN,PHL,85
SLC,BZN,85
ALB,ATL,84
ATL,ALB,84
ATL,PIA,84
DCA,PBI,84
DFW,DRO,84
DFW,GJT,84
DRO,DFW,84
EWR,SAN,84
GJT,DFW,84
GSP,ORD,84
HSV,IAH,84
IAH,ABQ,84
IAH,HSV,84
LGA,HOU,84
LGA,MKE,84
MDT,DTW,84
MKE,IAH,84
ORD,GSP,84
PBI,DCA,84
PDX,SNA,84
PHL,SEA,84
PIA,ATL,84
PIT,DEN,84
RDU,BNA,84
SAN,EWR,84
SEA,PHL,84
SNA,PDX,84
BNA,DAL,83
CPR,SLC,83
DEN,GTF,83
DTW,OMA,83
FAT,SLC,83
GTF,DEN,83
GTF,SLC,83
HOU,BOS,83
HOU,TPA,83
IAD,MIA,83
MCI,LAX,83
MEM,MSP,83
MIA,IAD,83
OMA,STL,83
ORD,ROA,83
ROA,ORD,83
SLC,CPR,83
SLC,FAT,83
SLC,GTF,83
TPA,HOU,83
ABQ,OAK,82
AMA,IAH,82
BNA,JAX,82
BOS,HOU,82
CLE,DTW,82
DBQ,ORD,82
DTW,CID,82
ELP,SAT,82
HOU,TUL,82
HSV,ORD,82
IAH,AMA,82
IAH,LRD,82
IAH,SMF,82
LRD,IAH,82
OAK,ABQ,82
OMA,DTW,82
ORD,DBQ,82
ORD,HSV,82
PIT,BWI,82
PIT,PHL,82
TPA,RDU,82
TUL,HOU,82
CID,DTW,81
CLT,STL,81
DTW,RIC,81
ELP,HOU,81
EWR,AUS,81
HLN,SLC,81
IAH,JAX,81
JAX,IAH,81
LGA,MCI,81
MCI,LGA,81
MKE,BWI,81
RDU,TPA,81
RIC,DTW,81
SAT,ELP,81
SLC,HLN,81
SMF,IAH,81
STL,CLT,81
TUS,SAN,81
AMA,DEN,80
AUS,EWR,80
DEN,AMA,80
DFW,ICT,80
ONT,PDX,80
PDX,ONT,80
TYS,IAH,80
ABY,ATL,79
ATL,ABY,79
BUR,SLC,79
CLE,FLL,79
CLL,IAH,79
DEN,SDF,79
DFW,LBB,79
DTW,IND,79
DTW,PIT,79
EWR,GSO,79
EWR,SDF,79
FLL,CLE,79
IAH,CLL,79
IAH,TYS,79
ICT,DFW,79
JAC,SLC,79
LBB,DFW,79
LGB,SEA,79
SEA,LGB,79
SLC,BUR,79
SLC,JAC,79
ATL,BQK,78
BQK,ATL,78
CMH,DEN,78
EWR,HOU,78
HOU,EWR,78
IAD,MSP,78
IND,CLT,78
MSP,IAD,78
PDX,IAH,78
SNA,EWR,78
ABE,ORD,77
BNA,MSP,77
BWI,MKE,77
DAY,MSP,77
DEN,DIK,77
DIK,DEN,77
DTW,PVD,77
HOU,ELP,77
IND,DTW,77
PHL,PIT,77
PVD,DTW,77
SDF,IAH,77
STL,OMA,77
DEN,MSN,76
EWR,IND,76
MSP,CVG,76
ORD,ABE,76
DEN,JFK,75
GSO,EWR,75
IAH,PDX,75
JFK,DEN,75
BDL,EWR,74
IAH,STL,74
MSN,DEN,74
MSP,DAY,74
CLE,MKE,73
EWR,SNA,73
GRR,DEN,73
ORD,ALB,73
ORD,SBN,73
SBN,ORD,73
ALB,ORD,72
DCA,RSW,71
DTW,EVV,71
EVV,DTW,71
EWR,RIC,71
RSW,DCA,71
AVP,DTW,70
DTW,AVP,70
GRK,IAH,70
IAH,GRK,70
RIC,EWR,70
TYR,IAH,70
AVL,ORD,69
CMH,MSP,69
IAH,TYR,69
MEM,DEN,69
MKE,CLE,69
ORD,AVL,69
STL,IAH,69
ABE,DTW,68
ACY,MCO,68
CHS,IAH,68
CID,DEN,68
CVG,LAS,68
DFW,MLI,68
DFW,PIA,68
DTW,ABE,68
FNT,MSP,68
LAS,CVG,68
MCO,ACY,68
MHT,MCO,68
MLI,DFW,68
MSP,FNT,68
PHL,PBI,68
PHL,RSW,68
PIA,DFW,68
RDU,PHL,68
RSW,PHL,68
ATW,MSP,67
DEN,CID,67
DFW,LEX,67
DFW,PSP,67
FLL,PIT,67
IAH,CHS,67
LEX,DFW,67
MCO,MHT,67
PBI,PHL,67
PHL,RDU,67
PIT,FLL,67
PSP,DFW,67
FLL,PVD,66
JFK,MSP,66
LAX,RDU,66
PVD,FLL,66
RDU,LAX,66
LAX,TPA,65
CLT,MEM,64
DTW,LEX,64
EWR,SAV,64
LEX,DTW,64
MEM,CLT,64
SAV,EWR,64
TPA,LAX,64
DFW,DSM,63
DSM,DFW,63
LAX,BOI,63
ABQ,ATL,62
ABQ,ORD,62
ABR,MSP,62
ACY,FLL,62
ALB,MCO,62
ATL,ABQ,62
AUS,FLL,62
BDL,DCA,62
BFL,SFO,62
BHM,MCO,62
BJI,MSP,62
BNA,AUS,62
BNA,ECP,62
BOI,LAX,62
BOS,JAX,62
BTM,SLC,62
BZN,MSP,62
CAK,MCO,62
CHS,DCA,62
CHS,MDW,62
CIU,DTW,62
CLT,SAN,62
CMH,JFK,62
CMX,ORD,62
CVG,FLL,62
DAL,MEM,62
DAL,SAN,62
DAL,TPA,62
DCA,BDL,62
DCA,CHS,62
DCA,JAX,62
DCA,JFK,62
DCA,SEA,62
DCA,SFO,62
DEN,SAF,62
DEN,SGU,62
DFW,GGG,62
DFW,JFK,62
DFW,JLN,62
DFW,LCH,62
DFW,RAP,62
DFW,RNO,62
DTW,CIU,62
DTW,PLN,62
EAU,ORD,62
ECP,BNA,62
ECP,IAH,62
EUG,LAX,62
FLL,ACY,62
FLL,AUS,62
FLL,CVG,62
FLL,HOU,62
FLL,HPN,62
FLL,JAX,62
FLL,MCO,62
FLL,PHX,62
FLL,RDU,62
GEG,MSP,62
GEG,OAK,62
GGG,DFW,62
IAD,MDW,62
IAH,ECP,62
IAH,ONT,62
ISP,PBI,62
JAX,BOS,62
JAX,DCA,62
JAX,FLL,62
JFK,CMH,62
JFK,DCA,62
JFK,DFW,62
JFK,SAV,62
JLN,DFW,62
LAS,BUF,62
LAS,MSY,62
LAX,EUG,62
LCH,DFW,62
LGA,MYR,62
LGB,PDX,62
LGB,SMF,62
MCO,CAK,62
MCO,FLL,62
MCO,ORF,62
MCO,RIC,62
MDW,CHS,62
MDW,IAD,62
MDW,SLC,62
MEM,DAL,62
MIA,CMH,62
MIA,MSY,62
MIA,PHX,62
MKG,ORD,62
MRY,SFO,62
MSP,ABR,62
MSP,BJI,62
MSP,BZN,62
MSP,GEG,62
MSP,JFK,62
MSP,MEM,62
MSP,RHI,62
MSP,TPA,62
MSY,LAS,62
MSY,MIA,62
MYR,LGA,62
OKC,LAS,62
OKC,PHX,62
ONT,IAH,62
ORD,ABQ,62
ORD,CMX,62
ORD,EAU,62
ORD,MKG,62
ORD,PAH,62
ORD,SCE,62
ORD,SJC,62
ORD,TUS,62
ORF,MCO,62
PAH,ORD,62
PBI,ISP,62
PDX,LGB,62
PHX,FLL,62
PHX,MIA,62
PHX,OKC,62
PIT,LAS,62
PLN,DTW,62
RAP,DFW,62
RDD,SFO,62
RDM,SFO,62
RDU,FLL,62
RHI,MSP,62
RIC,MCO,62
RNO,DFW,62
RNO,SAN,62
SAF,DEN,62
SAN,CLT,62
SAN,DAL,62
SAN,HOU,62
SAV,JFK,62
SBP,SFO,62
SCE,ORD,62
SEA,DCA,62
SFO,BFL,62
SFO,DCA,62
SFO,MDW,62
SFO,MRY,62
SFO,RDD,62
SFO,RDM,62
SFO,SBP,62
SGU,DEN,62
SJC,ORD,62
SLC,BTM,62
SLC,MDW,62
SMF,LGB,62
STL,TPA,62
TPA,BUF,62
TPA,CMH,62
TPA,DAL,62
TPA,MKE,62
TPA,MSP,62
TUS,MDW,62
TUS,ORD,62
ABQ,MDW,61
ALB,CLT,61
ALB,MDW,61
ATL,MLI,61
BNA,PNS,61
BUF,LAS,61
BUF,TPA,61
BWI,DAY,61
BWI,ROC,61
CLT,ALB,61
CLT,SLC,61
CMH,LAS,61
CMH,MIA,61
COU,DFW,61
DAY,BWI,61
DEN,GRR,61
DEN,RDU,61
DFW,COU,61
DFW,GCK,61
DRO,PHX,61
DSM,MDW,61
ELP,ORD,61
EWR,GSP,61
GCK,DFW,61
GRR,BWI,61
GSP,EWR,61
HOU,FLL,61
HOU,MEM,61
HOU,SAN,61
HPN,FLL,61
IND,LAX,61
ISP,FLL,61
JFK,LGB,61
LAS,CMH,61
LAS,OKC,61
LAS,PIT,61
LAX,IND,61
LGA,RSW,61
LGB,JFK,61
MCI,SFO,61
MCO,ALB,61
MCO,BHM,61
MDW,ABQ,61
MDW,ALB,61
MDW,DSM,61
MDW,SFO,61
MDW,TUS,61
MEM,HOU,61
MHT,EWR,61
MKE,TPA,61
MLI,ATL,61
MSP,RSW,61
ORD,ELP,61
PHX,DRO,61
PNS,BNA,61
PVD,TPA,61
RDU,DEN,61
ROC,BWI,61
RSW,IAH,61
RSW,LGA,61
RSW,MKE,61
RSW,MSP,61
SFO,MCI,61
SLC,CLT,61
STL,BNA,61
TPA,ISP,61
TPA,STL,61
AUS,BNA,60
BNA,CMH,60
BNA,STL,60
BWI,GRR,60
CMH,TPA,60
DEN,PSC,60
DTW,CLE,60
DTW,GSP,60
DTW,MBS,60
EWR,IAD,60
EWR,MHT,60
FLL,ISP,60
IAH,RSW,60
IND,RSW,60
ISP,TPA,60
MBS,DTW,60
MHT,TPA,60
MKE,RSW,60
PSC,DEN,60
PSP,SLC,60
RSW,IND,60
SLC,PHL,60
SLC,PSP,60
TPA,PVD,60
BDL,MIA,59
BHM,DFW,59
CLT,SEA,59
CMH,LAX,59
COS,LAX,59
DFW,ORF,59
DFW,TLH,59
IAH,PBI,59
IAH,RIC,59
LAX,COS,59
MCI,SLC,59
MIA,BDL,59
ORF,DFW,59
ORF,ORD,59
PBI,IAH,59
PHL,SLC,59
RIC,IAH,59
SAN,RNO,59
SEA,CLT,59
SLC,MCI,59
TLH,DFW,59
TPA,MHT,59
ATL,TUS,58
CHA,DFW,58
CVG,MIA,58
DEN,DRO,58
DEN,MSO,58
DFW,BHM,58
DFW,CHA,58
DFW,FAT,58
DFW,FWA,58
DIK,MSP,58
DRO,DEN,58
DTW,ATW,58
DTW,MYR,58
FAT,DFW,58
GJT,SLC,58
GNV,MIA,58
IAD,EWR,58
LAX,CMH,58
MIA,CVG,58
MIA,GNV,58
MIA,MSP,58
MSO,DEN,58
MSP,DIK,58
MSP,MIA,58
MYR,DTW,58
OAK,GEG,58
ORD,ORF,58
SDF,DEN,58
SFO,RDU,58
TUS,ATL,58
ABQ,SAN,57
ATL,ELP,57
ATL,GRK,57
ATL,PWM,57
AUS,SAN,57
BGR,DTW,57
BHM,DAL,57
BNA,BOS,57
BNA,PHX,57
BOI,LAS,57
BOI,MSP,57
BOI,OAK,57
BOI,ORD,57
BOS,MKE,57
BWI,ABQ,57
BWI,AUS,57
BWI,BHM,57
BWI,FNT,57
BWI,SAN,57
CAK,LGA,57
CLT,MDW,57
CLT,SYR,57
CMH,BNA,57
CMH,STL,57
COS,SLC,57
DAL,OAK,57
DAY,EWR,57
DCA,IND,57
DCA,SLC,57
DEN,CMH,57
DEN,FCA,57
DEN,GCC,57
DEN,RKS,57
DFW,GRI,57
DFW,RIC,57
DTW,BGR,57
EKO,SLC,57
ELM,ORD,57
ELP,ATL,57
ERI,ORD,57
FCA,DEN,57
FNT,BWI,57
FWA,DFW,57
GCC,DEN,57
GEG,LAS,57
GRI,DFW,57
GRK,ATL,57
GSP,IAH,57
HOU,BHM,57
IAH,GSP,57
ICT,MDW,57
IND,DCA,57
JAN,ORD,57
LAS,GEG,57
LAS,TPA,57
LGA,ORF,57
MCI,SAN,57
MCI,TPA,57
MDW,BHM,57
MDW,CLT,57
MDW,ICT,57
MDW,MEM,57
MDW,ORF,57
MDW,PDX,57
MDW,ROC,57
MEM,MDW,57
MSP,BOI,57
MSP,SMF,57
OAK,BOI,57
OAK,DAL,57
ORD,ELM,57
ORD,ERI,57
ORD,JAN,57
ORD,SMF,57
ORF,LGA,57
ORF,MDW,57
PDX,MDW,57
PHX,BNA,57
PIH,SLC,57
PWM,ATL,57
RDU,SFO,57
RIC,DFW,57
RKS,DEN,57
ROC,MDW,57
SAN,ABQ,57
SAN,AUS,57
SAN,SAT,57
SAT,SAN,57
SLC,COS,57
SLC,DCA,57
SLC,EKO,57
SLC,GJT,57
SLC,PIH,57
SMF,MSP,57
SMF,ORD,57
SNA,DAL,57
STL,BOS,57
STL,PHL,57
STL,SAT,57
SYR,CLT,57
TPA,LAS,57
TPA,MCI,57
ABQ,BWI,56
ALB,DTW,56
ALO,ORD,56
AUS,BWI,56
AUS,DTW,56
AUS,SJC,56
AVP,ORD,56
BDL,DFW,56
BFL,DEN,56
BFL,IAH,56
BHM,BWI,56
BHM,HOU,56
BHM,MDW,56
BHM,TPA,56
BMI,DFW,56
BNA,PHL,56
BOS,BNA,56
BOS,MCI,56
BOS,SLC,56
CAE,ORD,56
CHA,ORD,56
CLE,RDU,56
CRW,ORD,56
DAL,BHM,56
DAL,SNA,56
DAY,LGA,56
DEN,BFL,56
DEN,RAP,56
DEN,SBA,56
DFW,BDL,56
DFW,BMI,56
DFW,SPI,56
DTW,ALB,56
ELP,LAS,56
EUG,DEN,56
EWR,PWM,56
GSP,DTW,56
GSP,MDW,56
HOB,IAH,56
HOU,IND,56
IAH,BFL,56
IAH,HOB,56
IND,HOU,56
IND,MCI,56
LAS,BOI,56
LAS,ELP,56
LGA,CAK,56
LGA,DAY,56
MAF,LAS,56
MCI,BOS,56
MCO,SAT,56
MDW,GSP,56
MDW,SAT,56
MFR,SLC,56
MHK,ORD,56
MKE,BOS,56
MKE,MCI,56
MSP,ATW,56
MSP,OKC,56
MSP,PIT,56
MSY,STL,56
OKC,MSP,56
ORD,ALO,56
ORD,AVP,56
ORD,BOI,56
ORD,CAE,56
ORD,CHA,56
ORD,CRW,56
ORD,MHK,56
ORD,SUX,56
PHL,BNA,56
PHL,STL,56
RDM,SLC,56
RDU,CLE,56
SAN,BWI,56
SAN,MCI,56
SAT,MSP,56
SAT,SLC,56
SBA,DEN,56
SJC,AUS,56
SLC,AUS,56
SLC,BOS,56
SLC,MFR,56
SLC,RDM,56
SLC,SAT,56
SPI,DFW,56
SUX,ORD,56
AUS,SLC,55
BHM,MIA,55
BOI,GEG,55
BOS,PDX,55
BTV,DTW,55
CLE,PHX,55
DCA,MCI,55
DEN,DSM,55
DEN,EUG,55
DSM,IAH,55
DTW,BTV,55
DTW,MEM,55
FAT,PHX,55
HOU,OAK,55
IND,EWR,55
LAS,MAF,55
MCI,DCA,55
MCI,IND,55
MCI,MKE,55
MHT,ORD,55
MIA,BHM,55
MKE,STL,55
MSP,TUL,55
OAK,HOU,55
ORD,MHT,55
PDX,BOS,55
PHX,CLE,55
PHX,FAT,55
RAP,DEN,55
SAT,DTW,55
SAT,MCO,55
SAT,MDW,55
STL,CMH,55
STL,MKE,55
STL,MSY,55
TPA,BHM,55
ATL,FSM,54
BIL,MSP,54
COU,ORD,54
EUG,SLC,54
FSM,ATL,54
LGA,XNA,54
MCO,SAN,54
MIA,STL,54
MSP,BIL,54
OMA,SLC,54
ORD,COU,54
SAN,MCO,54
SLC,EUG,54
SLC,OMA,54
STL,MIA,54
TUL,MSP,54
XNA,LGA,54
ATW,ATL,53
BOS,STL,53
DEN,LIT,53
DFW,GSP,53
GSP,DFW,53
HIB,MSP,53
LIT,DEN,53
MSP,HIB,53
MSP,SJC,53
OKC,SLC,53
RDU,HOU,53
SAT,STL,53
SFO,SMX,53
SJC,MSP,53
SLC,OKC,53
APN,DTW,52
ATL,SMF,52
BRD,MSP,52
CDC,SLC,52
CLE,SFO,52
CLT,IND,52
CVG,LAX,52
DAL,ICT,52
DEN,HYS,52
DEN,LAR,52
DEN,PUB,52
DFW,MEI,52
DTW,APN,52
DTW,ESC,52
DTW,SAN,52
ESC,DTW,52
EWR,DAY,52
GFK,MSP,52
HOU,RDU,52
HYS,DEN,52
ICT,DAL,52
LAR,DEN,52
LAX,CVG,52
LGA,BUF,52
MCI,HOU,52
MEI,PIB,52
MSP,BRD,52
MSP,CMH,52
MSP,RDU,52
PUB,DEN,52
PWM,DTW,52
RDU,MSP,52
SAN,DTW,52
SAV,IAH,52
SFO,CLE,52
SLC,CDC,52
SMF,ATL,52
SMX,SFO,52
DEN,MFR,51
DTW,DAY,51
DTW,GSO,51
GEG,BOI,51
GSO,DTW,51
HOU,MCI,51
IAH,SAV,51
IAH,SJC,51
MFR,DEN,51
MSP,GFK,51
ICT,MSP,50
JAX,PHL,50
MSY,PHL,50
PHL,JAX,50
PHL,MSY,50
SJC,IAH,50
DEN,MEM,49
DTW,PWM,49
IAH,DSM,49
MSP,ICT,49
RDU,IAD,49
RDU,IAH,49
ATL,ATW,48
ATL,EWN,48
CHS,DTW,48
DAY,DTW,48
DEN,GJT,48
DTW,CHS,48
EWN,ATL,48
EWR,BDL,48
GJT,DEN,48
GRR,EWR,48
IAD,RDU,48
IAH,RDU,48
LGA,ROC,48
LGA,SAV,48
LWS,SLC,48
MSP,SBN,48
SAV,LGA,48
SBN,MSP,48
SLC,LWS,48
CLE,STL,47
DEN,JMS,47
DTW,GRB,47
DTW,PIA,47
JMS,DVL,47
MSP,XNA,47
PIA,DTW,47
PIT,LGA,47
ROC,LGA,47
STL,CLE,47
XNA,MSP,47
MCI,SEA,46
SEA,MCI,46
SEA,STL,46
STL,SEA,46
CVG,MSP,45
MRY,PHX,45
PHL,LGA,45
PHX,MRY,45
CHA,DTW,44
DEN,TYS,44
DTW,CHA,44
GSO,ORD,44
TYS,DEN,44
AUS,LGB,43
BHM,LGA,43
JAX,ORD,43
LGA,BHM,43
LGB,AUS,43
CVG,DTW,42
DTW,SYR,42
GRB,DTW,42
GRB,MSP,42
SYR,DTW,42
ATW,DTW,41
MCO,SEA,41
SEA,MCO,41
FLL,MYR,40
LAX,PSP,40
MYR,FLL,40
